feature_1,feature_2
-1.31623871308758,0.6800666721232411
1.2367097820692388,1.1147375379345976
1.2189579618832596,1.594227121235186
-1.9930542175315191,0.20211461287838117
0.1839451679317914,1.2191644970722968
-1.5067912007274993,-0.5024486109821791
-1.3134964021822049,0.037895214336230665
-0.8292529737597145,2.453771821797111
-0.2612634145834073,3.6643745414054196
-2.2251866109006073,-0.0032365594655869856
