point,features,class,target,classifier,population_size,workers,time,time_std,ptime,ptime_std
0,2,1,0,MLPClassifier,1000,2,1.0375569640000322,0.1047713850002765,0.51,0.020000000000000046
0,2,1,1,MLPClassifier,1000,2,1.2176930929999799,0.28200548499989964,0.56,0.06000000000000008
1,2,0,0,MLPClassifier,1000,2,0.9440002814990294,0.03606266049973783,0.49,0.0
1,2,0,1,MLPClassifier,1000,2,0.9014438064996284,0.006885724499625212,0.495,0.0050000000000000044
0,2,1,0,MLPClassifier,1000,4,0.7910490250005751,0.04078751699944405,0.28500000000000003,0.0050000000000000044
0,2,1,1,MLPClassifier,1000,4,0.7605985239997608,9.56900021265028e-06,0.30000000000000004,0.009999999999999981
1,2,0,0,MLPClassifier,1000,4,0.7915637914993567,0.035971144499853835,0.28,0.0
1,2,0,1,MLPClassifier,1000,4,0.7336784790004458,0.011116331999801332,0.29000000000000004,0.0
