point,features,class,target,classifier,population_size,workers,time,ptime
0,64,1,0,SVC,1000,1,8.374006111000007,2.896479629000005
0,64,1,1,SVC,1000,1,8.284048973,2.8915455849999994
1,64,0,0,SVC,1000,1,8.198644416999997,2.860084771999997
1,64,0,1,SVC,1000,1,8.223084379999996,2.930703519999998
0,64,1,0,SVC,2000,1,17.836830909000014,5.8135110240000145
0,64,1,1,SVC,2000,1,17.673849897000004,5.819447574000009
1,64,0,0,SVC,2000,1,18.581984587000008,5.781305973000009
1,64,0,1,SVC,2000,1,17.483185517000024,5.84384843700002
