point,features,class,target,classifier,population_size,workers,time,ptime
0,64,1,1,RandomForestClassifier,1000,1,107.32941178900003,53.31963316300003
1,64,1,1,RandomForestClassifier,1000,1,109.87333274400004,54.589619995000035
0,64,1,1,RandomForestClassifier,2000,1,219.74225454299992,108.5611560719999
1,64,1,1,RandomForestClassifier,2000,1,214.09298110499998,105.82765039099996
0,64,1,1,RandomForestClassifier,4000,1,435.1676635119999,212.63160589299986
1,64,1,1,RandomForestClassifier,4000,1,443.4091843289998,217.1026173009999
