point,features,class,target,classifier,population_size,workers,time,ptime
0,64,1,0,MLPClassifier,1000,1,6.322681010999993,1.8399477089999934
0,64,1,1,MLPClassifier,1000,1,5.572703523999998,1.5901776649999952
1,64,0,0,MLPClassifier,1000,1,5.670735505999996,1.5718490429999967
1,64,0,1,MLPClassifier,1000,1,5.786668067999997,1.6007101979999945
0,64,1,0,MLPClassifier,2000,1,12.833879544999995,3.190911894999992
0,64,1,1,MLPClassifier,2000,1,12.51593669299998,3.180738696999981
1,64,0,0,MLPClassifier,2000,1,13.04069195600001,3.1549672550000096
1,64,0,1,MLPClassifier,2000,1,12.690393485000037,3.2262765800000324
