samples,numpy_MSE,deap_MSE,ppga_MSE
50,199669.17191092475,199669.1719109247,199968.03224615715
100,230333.08304520498,230333.08304520487,230333.08304520484
200,397063.6367433338,397063.6367433337,397063.63674333366
400,360984.63639699295,360984.6363969929,360984.6363969929
800,387762.8380716568,387762.83807165665,387762.83807165665
