value,weight
0.2833238739079508,0.44409622507447855
0.2737828922164163,0.6694217441802799
0.23160073544230886,0.3302671160230778
0.6236381988702986,0.23965730576349686
0.541095818963599,0.9343363376388877
0.3439595445025613,0.19418448697654744
0.7598247156940937,0.4286858165801096
0.16833529328882524,0.5400962334697098
0.84952440550715,0.02168132406208001
0.7914751135059888,0.408887621865589
