towns,distance
25,4.031512409944864
50,9.349768866435843
100,26.347243132595157
200,67.6997879124332
400,147.4986788107815
