towns,distance
25,3.782500394533523
50,5.724919973120663
100,8.530684854430604
200,11.980633062838523
400,16.167148062540072
