towns,distance
25,3.3966777721492787
50,5.516926484287292
100,13.578677069023032
200,44.522026711460306
400,109.12409599012491
