towns,population_size,distance
10,100,2.254693549967024
10,200,2.254693549967024
10,400,2.254693549967024
10,800,2.254693549967024
20,100,3.391910590037797
20,200,3.4266530663240156
20,400,3.3719299121471695
20,800,3.3719299121471695
50,100,5.438475923466328
50,200,5.2676662636544345
50,400,5.112177528037988
50,800,5.146394337626054
100,100,11.184121131321927
100,200,10.460826638936352
100,400,9.332350243588188
100,800,8.755032169613825
